bench,day,repo,visibility,attribution,input,output,cache_creation,cache_read,total,turns,sessions_touching,gcs_mirrored_total,gcs_coverage
macbook,2026-08-03,nova,OSS,remote,51632,397636,2039948,44417167,46906383,384,3,46906383,full
macbook,2026-08-03,PRIVATE,PRIVATE,aggregate,102205,2772720,8518490,404956335,416349750,1799,,416349750,full
macbook,2026-08-04,nova,OSS,remote,4,1621,5000,199241,205866,2,1,205866,full
macbook,2026-08-04,PRIVATE,PRIVATE,aggregate,134590,2988887,11152674,635276092,649552243,2265,,649552243,full
macbook,2026-08-05,apt,OSS,remote,16,8156,15114,4623792,4647078,9,1,4647078,full
macbook,2026-08-05,fast3d,OSS,heuristic,2,2144,2299,319652,324097,1,1,324097,full
macbook,2026-08-05,gafferongames/vcpkg,OSS,remote,2,197,363,465931,466493,1,1,466493,full
macbook,2026-08-05,nova,OSS,remote,110,66526,194190,6804358,7065184,55,1,7065184,full
macbook,2026-08-05,schema,OSS,remote,78,80646,191163,17947246,18219133,41,1,18219133,full
macbook,2026-08-05,serialize,OSS,remote,10931,245082,1101009,32024641,33381663,241,1,33381663,full
macbook,2026-08-05,PRIVATE,PRIVATE,aggregate,25930,1331905,8388985,295598971,305345791,982,,305345791,full
macbook,2026-08-06,nova,OSS,remote,52,44101,181022,8881161,9106336,28,1,9106336,full
macbook,2026-08-06,schema,OSS,remote,47612,2211203,8378111,412324092,422961018,1956,4,422961018,full
macbook,2026-08-06,serialize,OSS,remote,13722,167654,596045,20672706,21450127,247,3,21450127,full
macbook,2026-08-06,yojimbo,OSS,remote,13,6720,9630,5236033,5252396,7,1,5252396,full
macbook,2026-08-06,PRIVATE,PRIVATE,aggregate,28724,1434105,4450087,385448592,391361508,1149,,391361508,full
macbook,2026-08-07,fixed,OSS,remote,10,3012,7312,1174883,1185217,5,1,1185217,full
macbook,2026-08-07,nova,OSS,remote,27,12816,38054,2024247,2075144,14,1,2075144,full
macbook,2026-08-07,schema,OSS,remote,21076,526045,1517500,82292141,84356762,496,2,84356762,full
macbook,2026-08-07,serialize,OSS,remote,3600,832942,3525969,100672376,105034887,633,3,105034887,full
macbook,2026-08-07,serialize.cs,OSS,remote,188,124776,280242,18919937,19325143,94,1,19325143,full
macbook,2026-08-07,serialize.go,OSS,remote,188,132161,276946,15235883,15645178,94,1,15645178,full
macbook,2026-08-07,serialize.rs,OSS,remote,100,63516,147649,10174200,10385465,50,1,10385465,full
macbook,2026-08-07,yojimbo,OSS,remote,28,8554,18985,1117022,1144589,14,2,1144589,full
macbook,2026-08-07,PRIVATE,PRIVATE,aggregate,23324,2081703,8065464,503749282,513919773,2450,,513919773,full
macbook,2026-08-08,awesome-persistent-ai,OSS,remote,141,21992,82080,5633407,5737620,19,4,5737620,full
macbook,2026-08-08,fixed,OSS,remote,25,6742,25526,378560,410853,13,1,410853,full
macbook,2026-08-08,gafferongames/vcpkg,OSS,remote,75,23640,44908,5793016,5861639,39,2,5861639,full
macbook,2026-08-08,netcode,OSS,remote,109,50270,419039,4945393,5414811,57,2,5414811,full
macbook,2026-08-08,netcode.cs,OSS,remote,102,204035,1396254,13705558,15305949,52,2,15305949,full
macbook,2026-08-08,netcode.rs,OSS,remote,20,2217,5692,279362,287291,10,1,287291,full
macbook,2026-08-08,nova,OSS,remote,6098,246415,1014149,32429919,33696581,184,5,33696581,full
macbook,2026-08-08,reliable,OSS,remote,72,31248,279591,2157386,2468297,37,2,2468297,full
macbook,2026-08-08,reliable.cs,OSS,remote,60,115666,132953,7973055,8221734,30,1,8221734,full
macbook,2026-08-08,schema,OSS,remote,514,301661,967676,48399770,49669621,257,2,49669621,full
macbook,2026-08-08,serialize,OSS,remote,73,22044,76241,5519751,5618109,37,2,5618109,full
macbook,2026-08-08,serialize.cs,OSS,remote,37,11808,84798,1164360,1261003,19,2,1261003,full
macbook,2026-08-08,serialize.go,OSS,remote,123,50493,132702,10551504,10734822,62,2,10734822,full
macbook,2026-08-08,serialize.rs,OSS,remote,55,20834,116546,3343480,3480915,28,2,3480915,full
macbook,2026-08-08,yojimbo,OSS,remote,10,3737,8171,188906,200824,5,1,200824,full
macbook,2026-08-08,PRIVATE,PRIVATE,aggregate,50744,2856617,14563028,495500173,512970562,2343,,512970562,full
macbook,2026-08-09,PRIVATE,PRIVATE,aggregate,12537,901090,7638883,240710205,249262715,827,,249262715,full
macbook,2026-08-10,awesome-persistent-ai,OSS,remote,24,9141,33063,4122982,4165210,12,1,4165210,full
macbook,2026-08-10,netcode.cs,OSS,remote,8,2011,4050,1191776,1197845,4,1,1197845,full
macbook,2026-08-10,nova,OSS,remote,12546,589964,2353480,68348633,71304623,548,3,71304623,full
macbook,2026-08-10,nova-tools,OSS,remote,261,192094,636010,21582159,22410524,132,2,22410524,full
macbook,2026-08-10,PRIVATE,PRIVATE,aggregate,63709,3641400,15111478,737736297,756552884,2906,,756552884,full
macbook,2026-08-11,schema,OSS,remote,290,177002,452366,53090894,53720552,109,1,53720552,full
macbook,2026-08-11,serialize,OSS,remote,9,10895,13375,3320415,3344694,5,1,3344694,full
macbook,2026-08-11,PRIVATE,PRIVATE,aggregate,12904,494317,1880612,140954179,143342012,392,,143342012,full
macbook,2026-08-12,fixed,OSS,remote,4,581,3651,1510589,1514825,2,1,1514825,full
macbook,2026-08-12,fixed3d,OSS,remote,56,36428,787695,20651652,21475831,28,1,21475831,full
macbook,2026-08-12,schema,OSS,remote,904,512759,3178335,127891239,131583237,467,1,131583237,full
macbook,2026-08-12,serialize,OSS,remote,64,35639,694057,22190248,22920008,34,1,22920008,full
macbook,2026-08-12,serialize.go,OSS,remote,12,5342,22621,1236449,1264424,6,1,1264424,full
macbook,2026-08-12,serialize.rs,OSS,remote,2,2730,802,804047,807581,1,1,807581,full
macbook,2026-08-12,PRIVATE,PRIVATE,aggregate,26139,1676275,13545530,862167552,877415496,2183,,877415496,full
macbook,2026-08-13,fixed3d,OSS,remote,28,9255,39345,5505370,5553998,16,1,5553998,full
macbook,2026-08-13,gafferongames/vcpkg,OSS,remote,2,254,1029,65927,67212,1,1,67212,full
macbook,2026-08-13,hydrogen,OSS,remote,2703,58443,195463,2785699,3042308,34,1,3042308,full
macbook,2026-08-13,jedisct1/libhydrogen,OSS,remote,26,14943,17979,1220759,1253707,13,1,1253707,full
macbook,2026-08-13,netcode,OSS,remote,12,12900,7530,464701,485143,6,1,485143,full
macbook,2026-08-13,proton,OSS,remote,12,9107,13868,1813122,1836109,6,1,1836109,full
macbook,2026-08-13,schema,OSS,remote,17676,770661,4337984,149399184,154525505,1334,1,154525505,full
macbook,2026-08-13,serialize,OSS,remote,252,79617,197670,17947561,18225100,126,1,18225100,full
macbook,2026-08-13,serialize.c,OSS,remote,106,52735,102422,5684050,5839313,53,1,5839313,full
macbook,2026-08-13,serialize.cs,OSS,remote,16,3961,9559,1550723,1564259,8,1,1564259,full
macbook,2026-08-13,serialize.go,OSS,remote,16,4445,10080,1834885,1849426,8,1,1849426,full
macbook,2026-08-13,serialize.rs,OSS,remote,15,2808,7202,2883149,2893174,8,1,2893174,full
macbook,2026-08-13,yojimbo,OSS,remote,15,5151,11160,3599405,3615731,8,1,3615731,full
macbook,2026-08-13,PRIVATE,PRIVATE,aggregate,20526,2101605,7945277,786525507,796592915,2824,,796592915,full
macbook,2026-08-14,fast3d,OSS,heuristic,2,1608,1559,522545,525714,1,1,525714,full
macbook,2026-08-14,fixed,OSS,remote,2,2508,3919,109282,115711,1,1,115711,full
macbook,2026-08-14,hydrogen,OSS,remote,18,8074,20879,303968,332939,9,1,332939,full
macbook,2026-08-14,proton,OSS,remote,18,7613,20074,1143811,1171516,9,1,1171516,full
macbook,2026-08-14,schema,OSS,remote,6575,793081,3017707,192148176,195965539,784,2,195965539,full
macbook,2026-08-14,serialize,OSS,remote,6838,176495,828249,26474853,27486435,202,2,27486435,full
macbook,2026-08-14,serialize.c,OSS,remote,2594,495869,1430590,69512956,71442009,474,2,71442009,full
macbook,2026-08-14,serialize.cs,OSS,remote,9110,126115,509597,16571008,17215830,200,2,17215830,full
macbook,2026-08-14,serialize.go,OSS,remote,406,172122,523173,16356082,17051783,203,2,17051783,full
macbook,2026-08-14,serialize.rs,OSS,remote,2293,222130,655731,30891935,31772089,304,2,31772089,full
macbook,2026-08-14,PRIVATE,PRIVATE,aggregate,2454,1351941,2807665,412739060,416901120,1229,,416901120,full
macbook,2026-08-15,gafferongames/vcpkg,OSS,remote,4,1011,3092,265789,269896,2,1,269896,full
macbook,2026-08-15,schema,OSS,remote,8795,605274,6717530,143463061,150794660,687,2,150794660,full
macbook,2026-08-15,serialize,OSS,remote,229,123773,347417,22866638,23338057,115,2,23338057,full
macbook,2026-08-15,serialize.c,OSS,remote,459,15643,104164,5086734,5207000,34,2,5207000,full
macbook,2026-08-15,serialize.cs,OSS,remote,20,7975,18848,1719735,1746578,10,2,1746578,full
macbook,2026-08-15,serialize.go,OSS,remote,36,13423,36731,2154351,2204541,18,2,2204541,full
macbook,2026-08-15,serialize.rs,OSS,remote,172,100333,380014,16874560,17355079,86,2,17355079,full
macbook,2026-08-15,PRIVATE,PRIVATE,aggregate,1808,692157,4179377,201539515,206412857,742,,206412857,full
macbook,2026-08-16,schema,OSS,remote,1816,720587,7266582,158873678,166862663,912,1,166862663,full
macbook,2026-08-16,serialize,OSS,remote,492,183174,732193,41201526,42117385,249,1,42117385,full
macbook,2026-08-16,serialize.c,OSS,remote,481,176090,559009,40914736,41650316,241,1,41650316,full
macbook,2026-08-16,serialize.cs,OSS,remote,232,58030,337735,16504681,16900678,118,1,16900678,full
macbook,2026-08-16,serialize.go,OSS,remote,164,69142,268866,6108097,6446269,82,1,6446269,full
macbook,2026-08-16,serialize.js,OSS,remote,864,376686,1042889,48228933,49649372,432,1,49649372,full
macbook,2026-08-16,serialize.rs,OSS,remote,202,70182,264621,15436529,15771534,101,1,15771534,full
macbook,2026-08-16,PRIVATE,PRIVATE,aggregate,4718,819916,5760222,406553618,413138474,1020,,413138474,full
macbook,2026-08-17,schema,OSS,remote,8382,506020,3686212,115850476,120051090,633,2,120051090,full
macbook,2026-08-17,serialize,OSS,remote,140,50904,156646,5489115,5696805,71,2,5696805,full
macbook,2026-08-17,serialize.c,OSS,remote,1202,135914,386876,16867403,17391395,173,2,17391395,full
macbook,2026-08-17,serialize.cs,OSS,remote,130,46803,356209,13709192,14112334,65,2,14112334,full
macbook,2026-08-17,serialize.go,OSS,remote,51,14206,34475,6123820,6172552,26,1,6172552,full
macbook,2026-08-17,serialize.js,OSS,remote,10363,396725,1027576,43634503,45069167,361,1,45069167,full
macbook,2026-08-17,serialize.rs,OSS,remote,171,43823,111893,7575800,7731687,86,1,7731687,full
macbook,2026-08-17,PRIVATE,PRIVATE,aggregate,34749,1558652,11278407,450443139,463314947,2516,,463314947,full
macbook,2026-08-18,schema,OSS,remote,548,153678,1084135,28918421,30156782,162,1,30156782,full
macbook,2026-08-18,serialize.js,OSS,remote,22,24408,57147,1928156,2009733,11,1,2009733,full
macbook,2026-08-18,PRIVATE,PRIVATE,aggregate,14689,454735,3748206,108652519,112870149,432,,112870149,full
macbook,2026-08-19,gafferongames/vcpkg,OSS,remote,2,651,1879,36197,38729,1,1,38729,full
macbook,2026-08-19,nova,OSS,remote,166,163989,397361,11975464,12536980,85,2,12536980,full
macbook,2026-08-19,nova-tools,OSS,remote,2099,226164,573761,29111175,29913199,208,1,29913199,full
macbook,2026-08-19,reliable.rs,OSS,heuristic,1,1083,2488,38312,41884,1,1,41884,full
macbook,2026-08-19,schema,OSS,remote,18,4578,8221,1201189,1214006,9,1,1214006,full
macbook,2026-08-19,serialize,OSS,remote,6,3613,3329,401608,408556,3,1,408556,full
macbook,2026-08-19,PRIVATE,PRIVATE,aggregate,60905,2423522,8063252,439636258,450183937,1930,,400299379,mixed
macbook,2026-08-20,schema,OSS,remote,2,437,2337,63017,65793,1,1,0,none
macbook,2026-08-20,serialize,OSS,remote,6,5475,12714,326663,344858,3,1,0,none
macbook,2026-08-20,serialize.c,OSS,remote,6,1707,2322,593555,597590,3,1,0,none
macbook,2026-08-20,PRIVATE,PRIVATE,aggregate,5920,3106246,15435978,712110802,730658946,2970,,0,none
macbook,2026-08-21,schema,OSS,remote,4,513,3685,185404,189606,2,1,0,none
macbook,2026-08-21,serialize,OSS,remote,22,34124,43028,1278777,1355951,11,1,0,none
macbook,2026-08-21,serialize.go,OSS,remote,2,563,1176,131524,133265,1,1,0,none
macbook,2026-08-21,PRIVATE,PRIVATE,aggregate,9042,4015693,11264119,913129877,928418731,4530,,0,none
macbook,2026-08-23,schema,OSS,remote,2,314,1044,556529,557889,1,1,0,none
macbook,2026-08-23,serialize,OSS,remote,4,416,1921,196426,198767,2,1,0,none
macbook,2026-08-23,PRIVATE,PRIVATE,aggregate,1138,529343,2020154,213373375,215924010,569,,0,none
macbook,2026-08-24,fixed,OSS,remote,788,503378,1946888,110444086,112895140,394,2,0,none
macbook,2026-08-24,fixed3d,OSS,remote,776,302687,6637034,127447708,134388205,388,2,0,none
macbook,2026-08-24,schema,OSS,remote,66,22376,95618,2923591,3041651,33,1,0,none
macbook,2026-08-24,serialize,OSS,remote,66,25427,54353,7240541,7320387,33,1,0,none
macbook,2026-08-24,PRIVATE,PRIVATE,aggregate,3568,1669017,9680750,470318955,481672290,1798,,0,none
macbook,2026-08-25,fixed,OSS,remote,380,109572,308772,29812587,30231311,190,2,0,none
macbook,2026-08-25,fixed3d,OSS,remote,422,131785,4762074,32351600,37245881,211,2,0,none
macbook,2026-08-25,netcode,OSS,remote,8,1971,4983,390112,397074,4,1,0,none
macbook,2026-08-25,reliable,OSS,remote,14,2319,10433,836321,849087,7,1,0,none
macbook,2026-08-25,schema,OSS,remote,1858,657079,3002512,217471997,221133446,929,2,0,none
macbook,2026-08-25,serialize,OSS,remote,168,83526,158376,11859250,12101320,84,2,0,none
macbook,2026-08-25,serialize.c,OSS,remote,32,12803,21514,1707719,1742068,16,1,0,none
macbook,2026-08-25,serialize.cs,OSS,remote,16,2248,6037,2171320,2179621,8,1,0,none
macbook,2026-08-25,serialize.go,OSS,remote,28,6194,7682,3101840,3115744,14,1,0,none
macbook,2026-08-25,serialize.rs,OSS,remote,12,2308,5973,1523600,1531893,6,1,0,none
macbook,2026-08-25,PRIVATE,PRIVATE,aggregate,12876,4726224,26627171,1981658854,2013025125,6443,,0,none
macbook,2026-08-26,apt,OSS,remote,60,17347,30137,2984351,3031895,30,1,0,none
macbook,2026-08-26,fixed3d,OSS,remote,18,4734,8613,1277689,1291054,9,1,0,none
macbook,2026-08-26,gafferongames,OSS,remote,180,58183,337855,12127939,12524157,90,1,0,none
macbook,2026-08-26,gafferongames-new,OSS,remote,2,2,690,92952,93646,1,1,0,none
macbook,2026-08-26,gafferongames/vcpkg,OSS,remote,6,4757,7877,148594,161234,3,1,0,none
macbook,2026-08-26,homebrew-tap,OSS,remote,18,3906,6415,1109075,1119414,9,1,0,none
macbook,2026-08-26,hydrogen,OSS,remote,34,42340,170274,1810548,2023196,17,1,0,none
macbook,2026-08-26,microsoft/vcpkg,OSS,remote,66,24910,65262,3965098,4055336,33,2,0,none
macbook,2026-08-26,netcode,OSS,remote,152,216483,801997,11282902,12301534,76,6,0,none
macbook,2026-08-26,netcode.cs,OSS,remote,2,338,1723,43602,45665,1,1,0,none
macbook,2026-08-26,patreon,OSS,remote,104,36621,321712,3565240,3923677,52,2,0,none
macbook,2026-08-26,proton,OSS,remote,4,1601,895,988125,990625,2,1,0,none
macbook,2026-08-26,reliable.cs,OSS,remote,6,3182,4432,120269,127889,3,1,0,none
macbook,2026-08-26,schema,OSS,remote,854,222255,1236342,164192341,165651792,427,2,0,none
macbook,2026-08-26,serialize,OSS,remote,2,246,3031,34351,37630,1,1,0,none
macbook,2026-08-26,serialize.cs,OSS,remote,6,1609,5505,157592,164712,3,1,0,none
macbook,2026-08-26,serialize.rs,OSS,remote,24,5365,11049,3480682,3497120,12,1,0,none
macbook,2026-08-26,yojimbo,OSS,remote,28,6798,18783,1296015,1321624,14,6,0,none
macbook,2026-08-26,PRIVATE,PRIVATE,aggregate,10216,4835571,25842333,1550849033,1581537153,5127,,0,none
macbook,2026-08-27,next,OSS,remote,20,4155,6865,5120540,5131580,10,5,0,none
macbook,2026-08-27,PRIVATE,PRIVATE,aggregate,4548,3871603,31077092,1177174918,1212128161,2277,,0,none
macbook,2026-08-28,awesome-persistent-ai,OSS,remote,4,2609,2251,1202160,1207024,2,1,0,none
macbook,2026-08-28,gafferongames,OSS,remote,8,1817,3028,1712816,1717669,4,4,0,none
macbook,2026-08-28,gafferongames-new,OSS,remote,6,381,1014,1141974,1143375,3,3,0,none
macbook,2026-08-28,reliable,OSS,remote,12,2166,11871,2000418,2014467,6,3,0,none
macbook,2026-08-28,yojimbo,OSS,remote,2,1549,1381,529982,532914,1,1,0,none
macbook,2026-08-28,PRIVATE,PRIVATE,aggregate,3884,1140507,9656711,697186978,707988080,1946,,0,none
macbook,2026-08-29,serialize,OSS,remote,78,17569,313309,4908417,5239373,39,3,0,none
macbook,2026-08-29,serialize.cs,OSS,remote,6,2181,22333,465370,489890,3,1,0,none
macbook,2026-08-29,serialize.dart,OSS,remote,90,120470,156647,12864572,13141779,45,3,0,none
macbook,2026-08-29,serialize.java,OSS,remote,64,94423,121560,8851485,9067532,32,3,0,none
macbook,2026-08-29,serialize.js,OSS,remote,18,12728,71914,1155228,1239888,9,1,0,none
macbook,2026-08-29,PRIVATE,PRIVATE,aggregate,2050,885322,8746259,368122703,377756334,1026,,0,none
macbook,2026-08-30,schema,OSS,remote,628,549610,2293970,83702565,86546773,314,3,0,none
macbook,2026-08-30,serialize,OSS,remote,26,13594,53112,1702267,1768999,13,2,0,none
macbook,2026-08-30,serialize.c,OSS,remote,98,28503,79905,5217280,5325786,49,1,0,none
macbook,2026-08-30,serialize.cs,OSS,remote,4,383,12000,108331,120718,2,1,0,none
macbook,2026-08-30,serialize.dart,OSS,remote,178,107065,347629,14810398,15265270,89,3,0,none
macbook,2026-08-30,serialize.elixir,OSS,remote,250,79820,256843,25005938,25342851,125,3,0,none
macbook,2026-08-30,serialize.go,OSS,remote,6,1342,3401,380554,385303,3,2,0,none
macbook,2026-08-30,serialize.java,OSS,remote,186,168032,285766,17316859,17770843,93,3,0,none
macbook,2026-08-30,serialize.js,OSS,remote,36,3120,21357,3752784,3777297,18,1,0,none
macbook,2026-08-30,table,OSS,remote,30,63122,217452,2852048,3132652,15,1,0,none
macbook,2026-08-30,PRIVATE,PRIVATE,aggregate,3498,1625988,14038129,791770086,807437701,1751,,0,none
macbook,2026-08-31,schema,OSS,remote,1456,598863,1364306,125556717,127521342,728,3,0,none
macbook,2026-08-31,serialize,OSS,remote,8,965,5839,1075146,1081958,4,2,0,none
macbook,2026-08-31,serialize.cs,OSS,remote,2,415,818,74170,75405,1,1,0,none
macbook,2026-08-31,serialize.elixir,OSS,remote,2,348,337,65803,66490,1,1,0,none
macbook,2026-08-31,serialize.go,OSS,remote,84,33536,49610,8185777,8269007,42,2,0,none
macbook,2026-08-31,serialize.java,OSS,remote,2,229,1510,69426,71167,1,1,0,none
macbook,2026-08-31,serialize.rs,OSS,remote,12,5434,22125,745351,772922,6,2,0,none
macbook,2026-08-31,PRIVATE,PRIVATE,aggregate,6014,2195963,35339358,826336584,863877919,3012,,0,none
